Benjamin Qi	1
Ildar Gainullin	1
Zixiang Zhou	1
Ziqian Zhong	1
Junzhao Yang	1
Po-Hsuan Su	1
Eric Zhang	1
Mahdi Jafari Raviz	1
Angus Ritossa	1
Arthur Léonard	1
Shih-Yu Wang	1
Eu-Shaun Leong	1
Daniel Zhang	1
Nazarii Denha	1
Nikoloz Birkadze	1
Abdul Malik Nurrokhman	1
Vladimir Romanov	1
Sebin Kim	1
Phuc Trinh Huu Gia	1
Jiaxuan Gao	1
Radoslav Dimitrov	1
Gyojun Youn	1
Batyr Sardarbekov	1
Duc Bui Hong	1
Masataka Yoneda	1
Egor Lifar	1
Balázs Tóth	1
Aleksandr Morozov	1
Koichi Namekata	2
Arshia Soltani Moakhar	2
Etienne Rossignol	2
Noam Gutterman	2
Jiří Kalvoda	2
Patrick Pavić	2
Carlos Miguel Soto	2
Seyyed Mehrshad Mirmohammadi	2
Yujin Im	2
Harris Leung	2
Gediminas Lelešius	2
Sofiia Melnyk	2
Almog Wald	2
Michal Staník	2
Yasutaka Hiraki	2
Tautvydas Jasiūnas	2
Theodor Pierre Moroianu	2
Man Tsung Yeung	2
Aleksandar Krastev	2
Yaraslau Barysau	2
Xiuhan Wang	2
Fredrik Ekholm	2
Victor Rong	2
Sora Todaka	2
Martin Melicher	2
Martin Kopchev	2
Hugo Peyraud-Magnin	2
William Lin	2
Krešimir Nežmah	2
Tadija Šebez	2
Andriy Kuts	2
Kevin Pucci	2
Khaleel Al-Adhami	2
Sanchayapol Lewgasamsarn	2
Kien Vu Hoang	2
Daniyar Zakarin	2
Ekrem Bal	2
Lee Jeffrey Chun Hean	2
Ondrej Baranovič	2
R. Fausta Anugrah Dianparama	2
Alexandru Rudi	2
Siarhei Protski	2
Nyamdavaa Amar	2
Josef Minařík	2
Bogdan Sitaru	2
Mieszko Grodzicki	2
Richard Luhtaru	2
Jakub Wasilewski	2
Vincent Ling	2
Adhyyan Sekhsaria	2
Kasra Mazaheri	2
Timmy Yao	2
Rémy Kimbrough	2
Mohamed Ehab	2
Onjo Lee	3
Martynas Sinkievič	3
Teimurazi Toloraia	3
Viktor Kozhuharov	3
Roee Sinai	3
George Chen	3
Federico Stazi	3
Laura Ioana Georgescu	3
Tung Nguyen Minh	3
Andrej Velichkovski	3
Fabrizio Brioni	3
Nikola Pešić	3
Sirawit Pongnakintr	3
Min-Yen Tsai	3
Anastasios Panagopoulos	3
Toomas Tennisberg	3
Jozef Fülöp	3
Ryan Wang	3
Alexandru Petrescu	3
Kieran Horgan	3
Marco Meijer	3
Temirlan Baibolov	3
Dan Baterisna	3
Ka Hei Wai	3
Vincent de Bakker	3
Gabriel Cojocaru	3
Cahid Enes Keles	3
Matīss Kristiņš	3
Kārlis Šusters	3
Omurbek Dzhamalov	3
Ahmad Haidar	3
Rezwan Arefin	3
Alessandro Bortolin	3
Pongsaphol Pongsawakul	3
Rajarshi Basu	3
Marek Skiba	3
Aliaksei Filinovich	3
Benedict Randall Shaw	3
Benjamin Bajd	3
Benson Zhan Li Lin	3
Dorijan Lendvaj	3
Michal Jireš	3
Jia Jun Lee	3
Moses Mayer	3
Héctor Fernando Ricárdez Lara	3
Pavel Kliska	3
Mladen Puzić	3
Santeri Toivonen	3
Nándor Nagy	3
Lok Kan Yuen	3
Erik Sünderhauf	3
Maxym Zub	3
Arman Ferdous	3
Shabdan Batyrkulov	3
Nicolas Camenisch	3
Lennart Ferlemann	3
Zhiyuan Qi	3
Zachary Smith	3
Muhannad Alwarawreh	3
Jovan Bengin	3
Andres Alumets	3
Jakob Schrader	3
Bakari Gamezardashvili	3
Gustav Kalander	3
Fares Pasuni	3
Hugo Eberhard	3
Talantbek Zhenishbek uulu	3
Tunan Shi	3
Kiryl Shyrma	3
Zhan Kurbanbayev	3
Sebastian Sánchez Lara	3
Frederico Bulhões de Souza Ribeiro	3
Jon-Magnus Rosenblad	3
Carl Westerlund	3
Olli Järviniemi	3
Bo-Yen Tang	3
Joël Huber	3
Tasmeem Reza	3
Andrej Shekerov	3
Itay Yehuda	3
Mohammad Nour Massri	3
